name,href,price
Смартфон Samsung Galaxy S10 Оникс,https://www.mvideo.ru/products/smartfon-samsung-galaxy-s10-oniks-30042519,49 990¤
Смартфон Apple iPhone XR 64GB Black (MRY42RU/A),https://www.mvideo.ru/products/smartfon-apple-iphone-xr-64gb-black-mry42ru-a-30040032,49 990¤
Смартфон Samsung Galaxy S20+ Black (SM-G985F/DS),https://www.mvideo.ru/products/smartfon-samsung-galaxy-s20-black-sm-g985f-ds-30048210,74 990¤
Смартфон Redmi Note 8T 64GB Starscape Blue,https://www.mvideo.ru/products/smartfon-redmi-note-8t-64gb-starscape-blue-30046728,13 990¤
Смартфон Samsung Galaxy Note10 Aura Glow (SM-N970F),https://www.mvideo.ru/products/smartfon-samsung-galaxy-note10-aura-glow-sm-n970f-30045379,
Смартфон Samsung Galaxy Note10 Black (SM-N970F),https://www.mvideo.ru/products/smartfon-samsung-galaxy-note10-black-sm-n970f-30045390,
Смартфон Samsung Galaxy Note10 Red (SM-N970F),https://www.mvideo.ru/products/smartfon-samsung-galaxy-note10-red-sm-n970f-30045391,
Смартфон Samsung Galaxy Note10+ Aura Glow (SM-N975F),https://www.mvideo.ru/products/smartfon-samsung-galaxy-note10-aura-glow-sm-n975f-30045392,
Смартфон Samsung Galaxy Note10+ Black (SM-N975F),https://www.mvideo.ru/products/smartfon-samsung-galaxy-note10-black-sm-n975f-30045393,
Смартфон Samsung Galaxy Note10+ White (SM-N975F),https://www.mvideo.ru/products/smartfon-samsung-galaxy-note10-white-sm-n975f-30045394,
Смартфон Apple iPhone 11 128GB Black (MWM02RU/A),https://www.mvideo.ru/products/smartfon-apple-iphone-11-128gb-black-mwm02ru-a-30045423,
Наушники Apple AirPods w/Charging Case (MV7N2RU/A),https://www.mvideo.ru/products/naushniki-apple-airpods-w-charging-case-mv7n2ru-a-50126638,
Смартфон Samsung Galaxy A51 64GB Black (SM-A515F),https://www.mvideo.ru/products/smartfon-samsung-galaxy-a51-64gb-black-sm-a515f-30047894,
Смартфон Apple iPhone 11 128GB White (MWM22RU/A),https://www.mvideo.ru/products/smartfon-apple-iphone-11-128gb-white-mwm22ru-a-30045424,
Смартфон Samsung Galaxy A71 Black(SM-A715F/DSM),https://www.mvideo.ru/products/smartfon-samsung-galaxy-a71-black-sm-a715f-dsm-30047907,
Смартфон Apple iPhone 11 64GB White (MWLU2RU/A),https://www.mvideo.ru/products/smartfon-apple-iphone-11-64gb-white-mwlu2ru-a-30045358,
